,0,1,2,3,4,5,6,7,8,9,10,11,12,13,14,15,16,17,18,19,20,21,22,23,24,25,26,27,28,29,30,31
-1.0,-1.6849778785679477,1.1007587995767505,-0.3636812639846865,-0.5699277242815078,-0.6121928528352536,-0.6005706785268867,-0.39470604993881886,-0.20959413613896688,-0.36929757492157667,-0.3847371501417077,0.08121554348371052,-0.36462855265926836,0.795170811417148,-1.071959476783408,-0.07383885219897807,0.3723866852834128,0.16718738236845254,0.028755602705819117,0.04784902702615196,0.6770964583643772,-0.795439829414432,0.41994696209287574,-0.3558127849902011,-0.12873599419773987,0.07912363528262745,-1.0164080432216265,0.5222372714515625,-0.27339526281545107,-0.24607162555653786,0.8549347748987802,-0.18283680516953915,-0.04932645827298776
-0.9499999999999996,-1.0584180049097327,1.1671053228298949,-0.4981798604218115,-0.044597111443255705,-0.7722617552091552,-0.5332419105622062,-0.5131668503814024,-0.007289009665346208,-0.4918519958833504,-0.306941521174249,0.5454437570272148,-0.6050456825031284,0.3982917113911397,-0.9438145878251255,0.019768956023911266,0.6083786867029287,-0.1217708409215574,-0.02304138802500391,-0.17901771376396253,0.9184338367788787,-0.8796093586688142,0.26069332849930327,-0.20091663079418431,-0.05803100058356281,0.024844602709365282,-0.6035619930141018,0.3404171800305006,-0.6039278206880091,-0.2488761069195878,0.40885149420898015,-0.1663269481714962,0.02471863179569117
-0.8999999999999999,-0.525943685387773,1.2059438665668631,-0.6103831737374384,0.12269408708474669,-0.7230667609571914,-0.37736220722136626,-0.6153891676539327,0.09641623726931445,-0.3973626907166139,-0.34351608968879993,0.6895038389555143,-0.86902330916462,0.32558909691356885,-0.7175803383753261,0.10356075492118808,0.5770407286974053,-0.3595378104409076,-0.07484832171475295,-0.2583910040433081,0.9502761670793253,-0.7748476735781364,0.10524933601026507,-0.05384866769012095,0.028360056071930262,0.05187705158497749,-0.33373340029119314,0.31197045786563726,-0.6036606705876291,-0.21554691049234204,0.18173580616982946,-0.17320353900906993,0.18071810543593816
-0.8500000000000001,-0.11517359953585116,1.19335522622082,-0.6815448607644741,0.10884199311291887,-0.5733041150668685,-0.18683884344162327,-0.6617875823980741,0.16547904820701015,-0.20490966181011827,-0.39567813091065834,0.6524572881041402,-1.0468777702283827,0.40393304461026786,-0.46683939512146444,0.16136290618527332,0.4415114167183383,-0.5120343496947906,-0.10668074628961095,-0.2559404918481071,0.8426975142156412,-0.5600739009635174,-0.018643172833268468,-0.09964053651935856,0.10249738540271125,0.12494342345115156,-0.14103789038159856,0.3524510727290508,-0.4422694171104888,-0.17356467475534665,0.07583279203631244,-0.16394971786953566,0.3398159392047219
-0.7999999999999998,0.13690412091222381,1.0869119237881917,-0.7355891064009671,3.174233176798935e-05,-0.4278956522070445,-0.03238926841853401,-0.6699328612294148,0.1996245933110678,-0.0281224083373509,-0.4411372889680204,0.49731106756372195,-1.1236663860239056,0.4850000332771907,-0.270529733986686,0.15379985145747,0.2712896383790605,-0.6015047064864749,-0.141951797735349,-0.2520268274231703,0.6200849510053762,-0.32697300763371373,-0.1294848837129146,0.1357549857857866,0.11738083103771009,0.18435706470486168,-0.018221874942940808,0.3738243776614543,-0.26593104919456323,-0.1703715263752956,-0.006386612803014308,-0.15321678220258791,0.4237270173198446
-0.75,0.27984011098581174,0.9252651086952777,-0.7337958709819591,-0.09375188856950253,-0.29252341822449246,0.09887759568918217,-0.6048186862088166,0.24625062891080826,0.12057950045527105,-0.4203200118588314,0.3228794861861367,-1.0588917560271254,0.5367278449903878,-0.11574072017659803,0.11891173368785876,0.15843797998193776,-0.5969249778779689,-0.14184991948072523,-0.24109410987036764,0.3652895036077749,-0.08056987535315284,-0.18614755333348343,-0.08340558138508804,0.10648243312281197,0.24780867178080537,0.09265805016485076,0.381235148966906,-0.10577732673179384,-0.17372542132609325,-0.06629203272307774,-0.10111456815471764,0.44986426935869905
-0.6999999999999997,0.3234271171323336,0.7049648826081858,-0.6928376511599235,-0.14839448116987763,-0.20053379511774194,0.18094847850683055,-0.49303469030110886,0.28810025017594787,0.20328148521310835,-0.34690993921401847,0.15164267082718846,-0.8913992954475898,0.512767346203509,-0.023061719735652846,0.04990643207676186,0.10935231706469445,-0.5283076235681485,-0.12310135552834885,-0.25410834389572967,0.10063951312888036,0.13746981450509016,-0.20533659399327434,0.16067764200223195,0.06056039881326386,0.28913519730711623,0.18572413764910806,0.34731237315318847,-0.008345233827468643,-0.19477197982909164,-0.13555034069518945,-0.02827706671281534,0.40420876714613707
-0.6499999999999999,0.2987879580135465,0.4441035386357745,-0.6165782638440824,-0.14991311051918987,-0.15262163903850218,0.2130508000926875,-0.3512563083714101,0.3162920273704612,0.21699414014060703,-0.2331147524073855,0.0031911197755228188,-0.6598785215514604,0.4095206392825267,0.015106247836553219,-0.040364498952524884,0.12168706941558902,-0.4153125772386292,-0.08952792688330508,-0.2944524162054737,-0.14459409619263078,0.3124013770710776,-0.19279820947435838,0.027512922753205313,-0.008656028813815983,0.3036607076840534,0.2625244426466497,0.27360027326755004,0.021564991742878417,-0.2242443246628047,-0.21538313160609937,0.054886215892710116,0.3015122712811375
-0.5999999999999996,0.2365933004486665,0.16252691393105906,-0.5118884541931636,-0.10356341727112772,-0.13954923231521582,0.20020082249414067,-0.199306244713648,0.3184527246913238,0.17094373937665408,-0.09991428800674532,-0.11699846362678322,-0.4092228907149384,0.24051078348313532,0.01302101491451578,-0.13846078774428322,0.17618131956285787,-0.2804197568619593,-0.04765489227410361,-0.3575323925455159,-0.3505354432134311,0.4365707998599971,-0.15852588324740752,0.1351027671191779,-0.08816560442137211,0.2898543910911098,0.318782896684097,0.1688607736332594,-0.004630548115496215,-0.25204572383664803,-0.29887978105774554,0.13449835253072967,0.1625774263077316
-0.5499999999999998,0.17052590398332615,-0.11326949082991475,-0.38036167418258254,-0.01967596326757265,-0.13978339601973774,0.15827156769004355,-0.049670903632258546,0.2900692551711693,0.08884971955698975,0.03582673891273625,-0.20533940369294204,-0.17463153272907364,0.036199738849825656,-0.005031417499399851,-0.22482264688520154,0.25150244821745754,-0.13854632049310736,0.0017477603130635483,-0.4259784819054513,-0.4987275570483401,0.5143089519033599,-0.10784956551205645,0.21112524045178324,-0.15866136316978885,0.2554223694015512,0.35476915521530084,0.052364056465979046,-0.05936554217856795,-0.26209838414970205,-0.36824943616870215,0.20319919773712888,0.016732258009184243
-0.5,0.12052884769887218,-0.36602211147723823,-0.23139251813156234,0.07831564304022837,-0.13751324946265114,0.09811801553376437,0.08106573053742777,0.22359738525933825,-0.009273347821838827,0.15191891520747108,-0.2699258378149969,0.011084631258517066,-0.17620795334887251,-0.02193123798215293,-0.28911670454899063,0.31664480028359265,-0.00857115392975883,0.050728104901247975,-0.48590315427251973,-0.5853049715534404,0.546087839743906,-0.05387004545830903,0.023302708141907366,-0.21022663895521373,0.20237082761887765,0.36382573235036836,-0.06329527601555303,-0.11899781036414203,-0.24792088202000453,-0.41247442476283025,0.24834321212196758,-0.11596351356007513
-0.4499999999999997,0.10215497037592074,-0.5780414087704266,-0.07030058407627346,0.16997208244755874,-0.11473138550329336,0.03507681281085545,0.18518799508401923,0.12164442019523454,-0.09947206312305165,0.23539844497056156,-0.3160208234882725,0.13330961827893284,-0.3666585225350535,-0.019165626744265352,-0.32014143459686445,0.34720061255093343,0.09955064087249015,0.09613638270476514,-0.5178991808216347,-0.6089978160155998,0.5382561414081314,-0.00492127763507115,-0.03595117458370505,-0.23244358701490997,0.13735769194912095,0.34536965389019836,-0.16353920287060825,-0.15757462317709203,-0.20261700047045295,-0.4190478518312086,0.26472813972997705,-0.21646311419084763
-0.3999999999999999,0.1281806553163506,-0.7298513139116408,0.10466337031519708,0.24423425343340147,-0.05121533037031312,-0.009996375284471715,0.26737736355431707,0.00038900147818948447,-0.1542056530705628,0.2872307310073011,-0.34107863563253404,0.20070509185848398,-0.5036762217818244,0.023647129773075586,-0.30412895412970065,0.33166633437272985,0.18824638793423928,0.14269355253050528,-0.4966144652372847,-0.5678042707442043,0.5045171496606216,0.039102468878380287,-0.2084637454466327,-0.2127510795954518,0.07349598781317199,0.308531759970727,-0.2311413178051384,-0.1481258688350662,-0.11711284096713151,-0.37363225196316496,0.25801766965858974,-0.266265177479706
-0.3499999999999996,0.2498168693268782,-0.8350582408903788,0.2553293438913208,0.305594936124229,0.024541639421494663,-0.06981463395861234,0.2703376591160046,-0.14705363500050544,-0.12605178964321234,0.26404988189062756,-0.3470503184694082,0.23732020746527016,-0.5962776716361812,0.06933651475947536,-0.2844485650447842,0.23110875406968706,0.19093544018810515,0.17332928778190287,-0.46137129625173684,-0.5305276308684392,0.4264171134889407,0.08561587235297047,-0.03778199936887354,-0.15268554402881146,0.019019417900149962,0.22012705846987768,-0.276947648224798,-0.10624222957029604,-0.012012244861857039,-0.3066325837112872,0.19701634668539558,-0.2542192074688802
-0.2999999999999998,0.3813222738153788,-0.862756623378178,0.3961187734249299,0.3038240803078782,0.13270687397896788,-0.0440887325730668,0.2688455179792179,-0.2869083229902595,-0.08471667064567043,0.22201422386623137,-0.3631069923192493,0.23888802841410828,-0.6246902148237851,0.12457078281474798,-0.19563292783499542,0.0766319116978953,0.1706228539887164,0.20173902397079319,-0.3262142451758589,-0.42486226994339377,0.3478211759724265,0.0062551504354013895,0.2715338933151398,-0.07058230669583271,-0.03835650972217911,0.1567053430529424,-0.2814989913224718,0.022113137274267794,0.0946481078472986,-0.20702653523677503,0.12751533424818148,-0.22100586414729054
-0.25,0.3691544888152436,-0.8789105700204368,0.4925390637788417,0.197840511007563,0.3291949689618078,-0.047079593634618305,0.27365369026187747,-0.42426721551991897,-0.034320235344619004,0.21770115443826119,-0.4227050969884013,0.24352269884001318,-0.5922956890722312,0.2547307553317507,-0.09679873287711482,-0.16971623214596063,0.17043808738688318,0.2110294488304192,-0.10082325764751782,-0.28675339504995634,0.237219301996523,-0.07214708850205731,-0.09491301435292152,-0.00429046555709281,-0.16609829954241281,0.08691144083400948,-0.2962122958073712,0.1606074397434314,0.23216873202627547,-0.06119360510933322,0.031788980405480186,-0.2093662695320416
-0.1999999999999997,0.33394893565575523,-0.8483572100674505,0.677325663785309,0.036145335680518656,0.530412850427862,-0.03276308420407653,0.35953170877177065,-0.41465442651668727,0.026332979045757363,0.24053975771416047,-0.45946744435029796,0.32291415909901744,-0.5179162207149968,0.47007264965670215,-0.018467403951536232,-0.4364077537626141,0.26523354607279337,0.22812376065827406,0.22787391566486107,-0.14822665026207124,0.05644856044160547,-0.07153165335867423,-0.19837989783961715,0.05916471753570467,-0.2664275898297669,0.018855292804236867,-0.2918423012099357,0.3139500798182431,0.36156019945047624,0.09462886735757106,-0.03710034353658645,-0.22566641042886623
-0.1499999999999999,0.2577849408184806,-0.7970410117343083,0.826412647799615,-0.12673930946521508,0.6959027361464718,0.05846794029150171,0.46721899499329045,-0.27457470023553165,0.1446055339387201,0.2734993095766864,-0.41726529820067126,0.6517544359854132,-0.4039144952178497,0.6651536785120253,0.1298126988493076,-0.692778795226518,0.3797041820818232,0.2021743007990596,0.615416157005175,-0.07900069489351638,-0.16109505716728198,-0.09411869913170831,-0.04553768457853119,0.1373201245864609,-0.33958962710182294,-0.045280278029627696,-0.3243963325513448,0.45673157192805636,0.45078195710156566,0.2487334517879373,-0.0802241007571364,-0.1986337706329019
-0.0999999999999996,0.10200139685836176,-0.7157531250653082,0.9760501002662227,-0.22588063752239773,0.8339162536610447,0.14886208057019168,0.5769434698679701,-0.1518514710676484,0.341572327685242,0.3120379011814462,-0.26328143128947995,1.2082107369247144,-0.2321105367784343,0.81926431008036,0.2633804524505798,-0.9005076156653995,0.5005936906369501,0.20687548333840877,1.0018016512642274,-0.03657837023899313,-0.3016485595281751,-0.041267217657036115,-0.06384837650686842,0.20149843066444667,-0.3663979388400935,-0.08400211116099804,-0.36155249666227335,0.5650618674994258,0.499314405855646,0.33120352144844045,-0.11401238057171231,-0.199980422641649
-0.0499999999999998,0.05103664960287016,-0.6262939500775699,1.0858850520287757,-0.2038894460263494,0.8790408017195166,0.31240557779797057,0.7192351545805911,0.025667854841241955,0.5115138215957201,0.4282915664741803,0.033413478064973634,1.965745237865718,-0.09493031651873834,0.8661114101098183,0.28436217913673945,-1.0595206143191602,0.5803123438878761,0.20165822077748105,1.3500950183026144,-0.09130380183879294,-0.2521996232677485,0.012450912859249041,0.18347108263719064,0.22752578297500095,-0.40399756960335587,-0.09578787298306846,-0.41710287816471137,0.6767698344280715,0.5016240870088605,0.3445393578350099,-0.16677088259436507,-0.23247646986288673
0.0,0.11706067336058154,-0.5687755245212487,1.1905143671088876,-0.11642550380528055,0.9217696830682972,0.38576531701292804,0.8789569383309902,0.14425701269528374,0.6413188092800999,0.5431475499600651,0.33426988706258975,2.750905814536565,-0.0006750176668236518,0.8306758123619797,0.46936749406815914,-1.150854726155053,0.6184465424534836,0.28349184810913886,1.621342401396497,-0.23565335026362133,-0.038596840214563166,0.35689233108205376,0.33337682297965887,0.26036526395342313,-0.45541620917889347,-0.10446015064360376,-0.42203625257823596,0.7664519715822169,0.48411527921446146,0.27307807870446144,-0.17009714705109835,-0.31827331617416144
0.0500000000000002,0.06369721890138264,-0.4548653092331168,1.2310091555423306,0.06835254887221254,0.9480509192866786,0.4157776171175358,1.0374681498042448,0.21840103052898222,0.7155623449630033,0.7292208936617837,0.5026514628543489,3.5555872189313202,0.037275162660363015,0.7315138226817308,0.5867070266733472,-1.2212635782068713,0.6245340379854707,0.4078931161682525,1.7841631521419166,-0.47026369240050286,0.2940211263068665,0.6859278930071014,0.3858891059116164,0.2616394482006335,-0.5019824538362634,-0.11271927596984288,-0.41414333810706866,0.7653885498310391,0.4223585578713034,0.14973017554807802,-0.19372883749101882,-0.46952992194596516
0.1,0.009531734550994708,-0.46660670391478754,1.2296570650946559,0.2742359797339607,1.0055355145584004,0.4316263121303202,1.1541006595318157,0.2060866606002385,0.7753479211152479,0.8431547672210182,0.5937421669589713,4.343453661210349,0.0994984988016992,0.5828736190091193,0.6235669786992755,-1.2528170444787783,0.5875170739997049,0.5341594057529436,1.8587151988689294,-0.7846565858601605,0.6784066455731363,1.0705723259082123,0.8846117716358449,0.287946240679124,-0.5301141387937989,-0.13867888327402839,-0.35684416863174284,0.6961698811286641,0.413288780099955,0.02716865741460389,-0.20322303747225634,-0.6135297579463781
0.1500000000000003,-0.012879346764510469,-0.5470085791430891,1.2245063551836772,0.46254024878053723,1.0517373823687646,0.39876935061833363,1.2580118598974175,0.17688023738632155,0.7350325316266355,0.974646047319505,0.590013253685136,4.931396731586646,0.15193925230739494,0.36047002254315197,0.3764544110011345,-1.3326216979656786,0.5523654316210833,0.6432337876559795,1.7975659079726962,-1.099170150806231,1.0233622826233268,1.4799725870809515,1.1256421657916402,0.25695830324752567,-0.583710968565844,-0.21066100080766625,-0.2988228778183958,0.5607039635966198,0.41945715492606456,-0.07160698741578614,-0.25379671168663187,-0.7771326614892645
0.2000000000000001,0.07719153876576357,-0.5441963601311555,1.1487325415410956,0.6532858041054872,1.1285605082206402,0.3541398859115416,1.3205512492638998,0.15137626375996618,0.6775421415620686,1.0490477139447727,0.5388679407761752,5.301213794961027,0.23221132982858517,0.06329665400578738,-0.0815327051845568,-1.4074036906609384,0.5044610701381965,0.7757951399324041,1.6443348747604731,-1.3790465787007395,1.408994454563594,1.8937591236051352,1.2571791346524792,0.2072268802836764,-0.6461791700763868,-0.3284369740857786,-0.24121779679980465,0.4202421139303314,0.45895050383955477,-0.09210837246351761,-0.3349694402908963,-0.9499224832154931
0.25,0.3040881043663492,-0.7497318401865734,1.0546729785827975,0.9114955103461668,1.1444669181884914,0.25780722563780867,1.4420485491414219,0.2510898456234111,0.6121790910395515,0.9974883952428151,0.4667009858397679,5.461737814031464,0.3402326018875855,-0.26206060379729496,-0.5456776510628147,-1.4343663539542728,0.501652695892715,0.9210420539049238,1.3981570672845172,-1.539997172358009,1.8372064933316614,2.339728786505284,1.3706718192481442,0.1149746685761869,-0.6566874883024254,-0.514253235699585,-0.22425507028993835,0.2611596064407061,0.5005553725656207,-0.05377184762639703,-0.4136389440725728,-1.0741308219662842
0.3000000000000002,0.5850410085433391,-0.9565475874762059,0.9534274841114373,1.2579551105750113,1.1476392789372123,0.22582773019054997,1.6037596939887087,0.45722064366102566,0.5468104455710989,0.8562588077009455,0.48150328962306577,5.4434133461410195,0.4294782591680806,-0.4965082575633839,-0.949003390236663,-1.4251680082034521,0.5524418422267103,1.1433988551811234,1.0959675965261253,-1.5780474519352092,2.3286835786323454,2.8272481103019484,1.0135530306754417,0.022295231262639936,-0.7095775082859139,-0.7030638882234999,-0.15989852184965703,0.11481700527495145,0.5407294924747259,0.01780258529537626,-0.4897635519350967,-1.262416663790943
0.3500000000000001,1.037768009410267,-1.226385990386389,0.9732088186763721,1.676816066778876,1.2466685628012857,0.2797992958268113,1.8373786785622586,0.7920120040936425,0.5526455824838853,0.7279289820912237,0.5952227836127398,5.529756477787571,0.504657788198668,-0.4798599558114252,-1.1149215566501034,-1.3157537823601433,0.7191340963036579,1.5207981806036843,0.8226974712978937,-1.4465908816736481,2.8554919098554756,3.5221521472988995,1.0895741043272489,-0.0820138485151713,-0.7986507693831169,-0.8879718436950808,-0.039140279117989785,0.07270664473960148,0.6156526917792429,0.12274842112807799,-0.4927339548680724,-1.4906655999931857
0.4000000000000003,1.674996895293846,-1.2323050925431234,1.1500418205478706,2.1943755901072852,1.381346950343681,0.4044689142291555,2.0865655885360708,1.2918092485267159,0.6512182725988221,0.6572908670058856,0.8210202539802618,5.692221090089511,0.6372843487973705,-0.18823679269752597,-0.9201807209415571,-1.2364562663778473,0.925759987019285,2.0070780413474645,0.616993173625285,-1.2199164569304368,3.432464325645015,4.531429927368485,1.232808047418501,-0.14348479704518485,-0.8600090479884508,-0.9954389388795792,0.17536794016168747,0.17546050545461267,0.6906482855664599,0.23860345150399057,-0.43972818678093345,-1.694286879135241
0.4500000000000002,2.54151534582147,-0.9038096210236207,1.4807314221298777,2.7061260816153556,1.4748501815037418,0.6486611441847733,2.284221761402351,2.0045930822824274,0.8396255776983086,0.800134034463305,1.1275127925087456,6.153069829744217,0.77285737656581,0.3461871487420076,-0.24687441000925714,-1.1282742744991898,1.2018313090742212,2.5962509764574513,0.48176988703624857,-0.8631540631216833,4.066775634070395,5.758749222816104,1.3033920876525822,-0.17576936435031298,-0.8917190313688629,-1.0437959218599286,0.5514606599601115,0.37742267810810554,0.7882382000597603,0.3264749820153088,-0.3447247015138809,-1.855572716609701
0.5,3.5286476905555624,-0.24962602931195604,1.932928273047711,3.1810128114277085,1.548083032579643,1.0655373409154107,2.4259398048864633,2.8865300522091846,1.1185929257732292,1.1338693451234438,1.4873124630325334,6.911342867807021,0.9060354952655251,1.0400210921372857,0.7663824321911494,-1.012712184663676,1.4999235395277328,3.2976874327626122,0.4098075662029353,-0.3881053325787151,4.848354988082775,7.231566063256139,1.9743074598882508,-0.17486007186618274,-0.9025054795860288,-1.014063388128109,1.0864278446521325,0.7607827395159298,0.9284268504323587,0.4157458670365865,-0.20916422520750094,-1.9113991042141383
0.5500000000000003,4.659352369969722,0.623640173684767,2.4341530543407797,3.7363651181647084,1.5977793405997138,1.6751316477728773,2.6168932058891023,3.858319740953819,1.5665617066094863,1.602548853978605,1.8326451768416985,8.002065927157048,1.0551078528569324,1.8090650774539294,2.011763790894012,-0.9719416067153921,1.8403352054221525,4.08341866016965,0.37343609090844293,0.23110273478570326,5.633712281629052,8.974455205762718,2.560699489494513,-0.12262414792070508,-0.8381701526701788,-0.9451345803391202,1.783509008871924,1.3420853983526153,1.1269051099801854,0.48290603950072164,-0.06812518277084101,-1.792611845880858
0.6000000000000001,5.786642362506296,1.7030914367174037,2.9161890726953814,4.267879509952842,1.609401542079938,2.4155181839563973,2.75031407247176,4.689086335657513,2.0319526031689583,2.1712943895160803,2.046032236664591,9.189198658162997,1.1513979386774178,2.637619700387077,3.3225858758698132,-1.0025904779612316,2.1484494383355934,4.868356521655049,0.3477012142035144,0.906958725554988,6.315305121097183,10.742917959354674,3.6361730381319264,-0.040299516363808685,-0.8524414361681795,-0.8869782712870694,2.5349065618198936,2.070317709489089,1.3508984857754647,0.5485912211753843,0.10291459018592863,-1.534197164204393
0.6500000000000004,6.8498433496080615,2.945276069926355,3.4063735804783746,4.812009611302662,1.6630724401646628,3.294706027380162,2.8949370440986733,5.399694283467604,2.447521536583528,2.8693799144155383,2.1244751381428557,10.281476654273137,1.3067929096088666,3.3634109636515426,4.589707533913099,-0.9955567283473294,2.5384702199224183,5.617198180967842,0.38964292154092156,1.680474048114081,6.943324739780345,12.388300766353145,4.429336058682457,0.09493620026399918,-0.8399291830867839,-0.7990001262175603,3.335870249289296,2.910707899113284,1.6462722229506044,0.6132611710872221,0.2688851873967811,-1.0994921463436402
0.7000000000000002,7.770462229621515,4.376498962602339,3.752610646731126,5.29532019552118,1.738145603975585,4.311543848341507,2.9307142872785406,5.832128856154435,2.773724392875107,3.512484914804628,1.9810878741263367,11.036320261736918,1.5240154495229508,3.862282993637863,5.625259930121377,-0.8926660522276078,2.9028682719997594,6.278565410041348,0.4828384899702768,2.5241738535243403,7.426865491863273,13.797207280219583,5.395835896814473,0.31595571988937377,-0.7856056946517984,-0.557975890818498,4.111179176557777,3.745612730620688,1.9848464988571362,0.706135241175426,0.4087520657664242,-0.6478190133065327
0.75,8.36335595648281,5.934795517856257,4.07623349694404,5.764209231986873,1.868858360910563,5.3199236904999285,2.9727131620895277,6.080659830186345,3.0420952214538346,4.15313296462773,1.6056985865635047,11.724857626658647,1.7064442858959792,4.100578241014513,6.347309833272147,-0.710119796052223,3.3521616391213085,6.791983073944799,0.5835709603847907,3.311676422813793,7.684224712563701,14.826195086488983,5.946216012254435,0.5336601885169769,-0.7298602189056114,-0.20480603688894672,4.76470009589672,4.558346930328643,2.3589062101599887,0.839501997823775,0.5484405157342912,-0.12379571764485942
0.8000000000000003,8.704618700257164,7.582736655132708,4.164416122067615,6.164363060425698,2.0633829349784887,6.244792932155927,2.9859733526204977,6.179917960577235,3.1809424663131924,4.766908490191803,1.051255360554571,12.302554333736438,1.8472514099791733,4.174049653022852,6.743887450790536,-0.40221922484801687,3.7816545158772286,7.14632963312075,0.6405029395620482,4.0559084283420805,7.611738522251879,15.455277395958724,6.022487522525263,0.7231060478996107,-0.7265358927418325,0.31438443475689615,5.239650523315939,5.322917395845817,2.7279605828800637,0.9455316569822061,0.6337365147609321,0.33691660870424844
0.8500000000000001,8.789437334292613,9.145360313107862,4.233052775180029,6.516936303920298,2.3720248959868298,7.116692325419733,2.9717708548276742,6.294549027709124,3.215394023567836,5.318950440797354,0.4375894204450735,12.735327073908994,1.9943246434655482,4.178286748265933,6.832943144152597,0.03354612145442237,4.276479028477236,7.3747286624195,0.7162856718418411,4.657878474566546,7.35340926896681,15.708809127259947,6.929244037634382,0.9176186484478073,-0.6457351454405452,0.9567513769335025,5.5492123756493354,6.020408663446147,3.075443792795309,1.0856779901595641,0.6725251996138816,0.6794387567760056
0.9000000000000004,8.732761321303698,10.617654605020467,4.245868899727896,6.920277893296213,2.727330660294972,7.939554878183764,2.8958522669082005,6.57398114080792,3.196447009628039,5.692420499665004,-0.07499711544539867,13.294775560381211,2.133886377183521,4.159638694689907,6.708529577013581,0.5764028162435402,4.72568124295567,7.526828937658484,0.731362549093334,5.137671078804569,6.944892387223199,15.570189974552896,7.9436003236605295,1.066422737815643,-0.5253064041023513,1.7351053016268851,5.620454139950453,6.6842011461810396,3.3406527348872403,1.2541306288103204,0.6865178825709338,0.8777941367129988
0.9500000000000002,8.546098347022896,11.969433624693044,4.211590076368886,7.344384235042855,3.1555054042837947,8.6235060972285,2.810448240683845,6.885474061878925,3.1648470652146736,5.940996023351897,-0.4717152722023147,13.917705236225181,2.298577995878221,4.1951096710311315,6.6256678841698475,1.1833858810275149,5.0649601658202235,7.600649616210922,0.6703277725405734,5.481864675698718,6.53770418328778,15.182086143173565,8.680417204361664,1.1860249437836838,-0.48059841018298954,2.6114244562241744,5.509045003394275,7.29052692370357,3.544250163915102,1.3787925927812794,0.6892163412202625,0.976896890530731
1.0,8.387566251834905,13.186065801845945,4.209468959561412,7.849666097455004,3.6073281972781093,9.082751722132283,2.7980621558772354,7.325563273339516,3.1363476097546172,6.111336160152281,-0.7292581433363529,14.48230681369073,2.4645652893460683,4.377113214595655,6.731272829513531,1.8313074003694052,5.322830037124029,7.764921408942302,0.5798768254014399,5.667015400164445,6.191021757647266,14.878496701730962,8.74245767170955,1.248257978321515,-0.45082196161584587,3.5301045392369876,5.276423909662342,7.850809342657412,3.674473584031735,1.4661579142956407,0.694552256768326,1.0218243921283716
1.0499999999999998,8.20150537236609,14.121380770760712,4.200730798313756,8.295292007852535,4.053369641995518,9.38216188452506,2.8508222788799777,7.892318363950464,3.093022167063494,6.241922528405088,-0.9110110329199402,15.051730363132972,2.600605347026772,4.695545231654985,7.010169319813706,2.3987409434061933,5.481985408133723,7.976515410660513,0.43267258032379174,5.728172904154467,5.849798274876412,14.595307109750841,8.736821043177832,1.3170391830036514,-0.37826445934789465,4.4419603733361,4.983561048353803,8.349582966151932,3.7539419444989295,1.5301749602729866,0.7230882294905098,1.1108109491016784
1.1,7.962934553980777,14.802480227574666,4.21689531371068,8.595089098423621,4.430069051989323,9.537993879650742,2.9655394788401575,8.524638655177224,3.1547978935590577,6.285515179650844,-1.0313509896259192,15.536215822362285,2.795338128787606,5.126526907539335,7.494466119617647,2.8071512666652025,5.626218314013426,8.304345011196324,0.23185365188443974,5.753692068206426,5.460149271180485,14.389365561039595,9.272319434564286,1.3629909116283572,-0.20020247702089,5.288138359739249,4.742322395114913,8.758201086125336,3.8019733006565537,1.556995168618878,0.7590700981811866,1.2924979929940708
1.15,7.818636694470014,15.036880790299467,4.2255519697149335,8.778014735912803,4.651313756106935,9.537254118131962,3.1732626340580152,9.231641862004233,3.2508198876039147,6.318994230371164,-1.114433277102011,15.883079144903295,3.0395358594875113,5.5593903044531485,7.780075795279399,2.947846188132929,5.677534996350935,8.63375223568807,-0.0052062144677492705,5.741379628904538,5.080095492145206,14.123329132597394,9.70290774396068,1.4347768981619917,0.08239997736938365,5.943417004016974,4.512128762097398,9.022955086402717,3.794859233169676,1.535346934851428,0.7237489963071337,1.566046975819372
1.2000000000000002,7.856460217871666,14.887563070908477,4.192528199092871,8.809930461973137,4.714840234680816,9.373537389893018,3.4756702652996183,9.952732249475051,3.3600005946590312,6.242117620833014,-1.156784699216586,15.90268537262958,3.310167738296967,5.894005784804376,8.103361825268495,2.874519751683834,5.7154940853042655,8.982212172376553,-0.26162320272767803,5.781657324302899,4.636827140019127,14.14401220703762,9.59186193868473,1.5730859496319134,0.4235801714203042,6.38350761463288,4.375124505437121,9.190928169370574,3.77919297367951,1.497619623830811,0.7176407543571078,1.930635209634307
1.25,7.983802183531797,14.489759686655221,4.076940525956461,8.788421238588622,4.675753819717017,9.124928526663302,3.896116767067813,10.604262056493871,3.4592969660694286,6.168193506950571,-1.174878018553899,15.666167239146386,3.528146765049417,6.1015466571279635,8.153693547537086,2.6603567258079774,5.761618590389823,9.337819246227836,-0.47731290236445,5.917628955980669,4.2197840514943685,14.11978615213483,9.560787375969417,1.647446584252977,0.8956482217062463,6.580967398901562,4.253539277824193,9.236330252678922,3.723490813928654,1.4485234007118732,0.6489822692075795,2.2801218729511943
1.2999999999999998,8.15597142820419,13.807609307910694,3.9134911619022446,8.807901079072433,4.597815187129402,8.817669774328314,4.393242382766778,11.147655737470428,3.5751924083999023,5.91654875548746,-1.2841524693099124,15.2162274208933,3.7471436275988603,6.218678748944239,8.21046814195047,2.5063663926892636,5.834455843883617,9.67278312225438,-0.5934755106325451,6.147250356623479,3.871642427688311,14.095578248084314,10.014701260599379,1.7915784343458263,1.5523782818944247,6.576010575788514,4.235650701458699,9.172030831173064,3.6714628694242335,1.4124576046895698,0.6469873035237728,2.644883010071702
1.35,8.292753789639928,13.023592763011127,3.7951144517080926,8.903925371654713,4.476499887345226,8.460250930838345,4.876973807278484,11.477104426894286,3.655468637885772,5.686915079574726,-1.464365198946333,14.596899489375804,3.910159579956559,6.222958645342922,8.254483368027921,2.382712795472841,6.010764940677062,9.91513150340308,-0.6308366526994329,6.403408937089127,3.470961192757385,14.046257347626312,10.171170355505135,1.9253862416542797,2.260113568878397,6.382023489354225,4.21640364162122,8.977565436619994,3.641841652209618,1.369136689132133,0.605881813038152,2.9570813220532606
1.4,8.429221313221344,12.469430294777544,3.787083594432193,9.01596162773371,4.435496268243175,8.182443121681661,5.268542814209697,11.591166455056728,3.7668891877544812,5.462974495894882,-1.6096634556883918,13.860606787866235,4.057771525120329,6.158338893820154,8.2673251889725,2.3532486953049165,6.2280629893358626,10.054008871308215,-0.5120154130908456,6.601336102035898,3.053918198790775,13.97186786542881,10.65538392871761,2.0880990820012566,3.015908669792507,6.101030234470555,4.23808168433043,8.768160583839231,3.688755752339782,1.369199126078449,0.5504300598008567,3.2310202248591473
1.4500000000000002,8.546936121232958,12.161118314043131,3.860662903512605,9.207214337429242,4.378754149451133,7.8900427194141995,5.507873621576127,11.686890717613265,3.855944314604364,5.250568254062169,-1.7608291309057758,13.174603366958493,4.163107894901602,6.024755619406038,8.331709065852266,2.4318806185731017,6.511795121903023,10.018027333720179,-0.27557281901163944,6.71518902118689,2.6350814524185795,13.877203250985929,10.683891764617854,2.2331839173187187,3.9324078589412603,5.76871057844198,4.203520834290376,8.54337952289408,3.762733990556865,1.388712492717593,0.48200615454585694,3.388400995945312
1.5,8.596132181994058,12.291649163783761,3.94813981076203,9.533664446494967,4.373302146050919,7.722262949845979,5.510549161172078,11.771117548705561,3.9410573145171806,5.070139496657884,-1.8267745306012713,12.5816157200693,4.21740315037154,5.842882170503661,8.409347927711798,2.532444014130068,6.820474261533572,9.86742636081512,0.06369641978590335,6.7389072645339105,2.2592105319186118,13.738403879549429,10.838558387506692,2.4482858678107218,4.842770659226402,5.510217567517704,4.178191604147636,8.243532464507883,3.905354930122432,1.4741147462508282,0.40198494009489777,3.498173090210181
1.5499999999999998,8.571599319384246,12.487364928382057,3.986598488751799,9.905237671753287,4.4200783152529475,7.588715241854179,5.35686859183837,11.810695940378253,4.077343536396224,4.874088920217386,-1.8118710666549358,12.055396727397103,4.172402249981799,5.715740178182087,8.662187126429385,2.725052264211415,7.140227769111574,9.655097083972779,0.4161334839371943,6.6658676892969275,1.952215768673799,13.453513662107,10.716083351457335,2.5744138834596564,5.694691067366372,5.27260660516549,4.074702487518511,7.918301654776784,4.0655105125336375,1.6077211735431787,0.34425105965391045,3.5120744831988575
1.6,8.499216907851038,12.917706792496494,4.043950326933082,10.398709118242808,4.5370986222357415,7.490540283231824,5.049448148515457,11.878749131094255,4.23304614593472,4.622180666595344,-1.6561557932892903,11.465252203664456,4.097695994616809,5.674625303831722,8.917261003737517,2.8729928779850202,7.423172616122894,9.413458145815206,0.797047619095409,6.482818156221051,1.5761717528350374,13.12650614113831,11.59226789984736,2.6999841643426734,6.466762763692647,5.090591650347855,3.9431883130158516,7.621395679594962,4.190079857551653,1.7828113335506015,0.32062831904909206,3.5121898817819495
1.65,8.365144017534602,13.335613892006268,4.087310025637107,10.770323946123172,4.665875034491064,7.3952928902792925,4.71179766794653,11.951945196418269,4.345539583874227,4.378580343896981,-1.3563157043977199,10.920005336292524,4.005627483694782,5.629474151613574,9.240093866662024,2.9860470943227693,7.66491405305217,9.177966929720979,1.1428087178670168,6.190031331155965,1.1989017181881036,12.72812595997217,12.616306020790027,2.8227265866629763,7.127545026249347,4.941252863803016,3.748690222241338,7.297873373980736,4.245588965979485,1.9150049406790668,0.31965516478290434,3.529826285805643
1.7000000000000002,8.147579082402473,13.741165808895865,4.09611307058077,10.863293555816698,4.8402096463990665,7.302646797345494,4.329609527941034,12.044708758032035,4.364995978396162,4.160101131352093,-0.9286972437706439,10.512030211297464,3.9476786443236516,5.457422206180242,9.636870358446366,3.0538642417568105,7.819210056680076,8.790426109483047,1.5111587778259263,5.815160627192171,0.9011866413241466,12.360849514608905,13.678694766699516,2.907890147530296,7.696229270640031,4.883713205747134,3.5137286306259687,7.0185549056354954,4.230978450618203,2.0292287963973368,0.3483115521632091,3.6242347281993665
1.75,7.920401402694792,13.972683370875348,4.069301026748149,10.763673393612294,4.942757391336029,7.223087819043608,3.9897808110579613,12.151308499020828,4.368498712373141,3.970683030116244,-0.40977443969898397,10.33946323142353,3.9282602106595452,5.264397921216359,9.974887410548412,3.046799656096811,7.889852419718567,8.62158821344661,1.859692321145097,5.391241455718698,0.6033049196925322,12.06629952925054,14.513179661274876,2.977779893105757,8.38329686545837,4.87965324673308,3.285951542105225,6.736143950011382,4.134647624271247,2.045481836147136,0.39146983973831834,3.789351140857432
1.7999999999999998,7.640437259670231,13.925598730441804,4.056273879929268,10.408145899092249,4.984532754882629,7.0748201631662315,3.7206928048670536,12.16468969602828,4.290894068098595,3.8125440624498617,0.16788004050644756,10.281713908834206,3.8387164206537747,5.111591935559181,10.161202217760257,2.99659407817622,7.862566256869789,8.59131661954152,2.1310920261991706,4.952710333022582,0.2738006252777492,11.93952128774928,15.427864502229117,3.022485691276873,9.046066057045696,4.856042442191557,3.1035609753822158,6.455731533309869,3.949795841627381,1.99896702624047,0.4346686538778868,3.982982176721828
1.85,7.435108557996065,13.577851540932226,4.092856796775203,9.840740284245124,5.064194653128029,6.866297535857777,3.6181672269102716,12.195565847654196,4.205443886205165,3.7731899814784744,0.7866065417785589,10.261742750393866,3.76136993127836,5.145786709615717,10.306040115786276,2.86963402590044,7.8105648008198685,8.622308873727642,2.340930732395024,4.524638341197944,0.08562479568834169,12.020140818465133,15.884778522943481,3.0184208825408567,9.734558962647668,4.832451213167104,2.973079900753768,6.266985217847941,3.70447933951771,1.854237699636186,0.4765527076561579,4.154013848776768
1.9,7.310514761576048,12.911585979233257,4.094113183852569,9.090706337034547,5.152094135099372,6.728687740153907,3.622272943235614,12.23103025551427,4.017330202180762,3.7981888225909284,1.412365362727735,10.368196461613774,3.7143111192418807,5.343420619802182,10.093768633686995,2.642681381389584,7.6707949937255995,8.657858446111334,2.5903677484886414,4.17021486879813,-0.060683125053102915,12.322505588193465,15.632775984979043,3.060361257310143,10.492921052546215,4.8354461414790695,2.8852158610970675,6.143082943346667,3.446299831258713,1.6815202023370275,0.519906629249616,4.268280876105486
1.95,7.2419840989781,12.001768315033365,4.186322769530957,8.30942141931933,5.169129049617352,6.580040834224998,3.6966797777441185,12.267922825103664,3.8426849823959524,3.8518352766509,1.910061963534636,10.58721920342879,3.6668582531547713,5.62224559504354,9.828119347069459,2.319539170779304,7.5238179094115045,8.679611649569518,2.788641510680274,3.854929654473943,-0.12594083552021595,12.761316464008745,15.675009229345722,3.098909393425764,11.23748756369555,4.741059174701584,2.796719126490264,6.046903459897802,3.206942282100025,1.5087715118801706,0.5404236920264237,4.327544055788349
2.0,7.218517840935878,11.035883738414224,4.286455301399286,7.554920148187822,5.182454422465655,6.444534802251637,3.823599634097069,12.181177968612612,3.6977758520638773,3.95327313839844,2.2949633841203596,10.80216423916723,3.6521713064993553,5.906682486887437,9.471051665785545,2.0392998927924695,7.348388746930802,8.635816020411124,2.9003618026596323,3.6236697457149605,-0.15418158237674495,13.304878787015424,15.649628943876992,3.1462513859574393,11.920331182800764,4.662101525080619,2.7239592757935593,5.987453561808772,3.018647471959096,1.3002530121820053,0.5307162179314231,4.3973850061862
2.05,7.1846026539029815,10.0113164004596,4.477054095630181,6.902712863630553,5.213916768530766,6.3780628403801805,3.9867878878704914,12.025543523895903,3.622913982316724,4.173322574665683,2.434262832788973,10.887925574180557,3.63904228068413,6.206860696284091,9.253969889116625,1.7624373533071944,7.1742606570293885,8.587365717539521,2.985675906158268,3.412761223887111,-0.04250897742479709,13.772015558811797,15.061368805291522,3.2149001390655862,12.634131548481244,4.608925444517396,2.643126048671162,5.917564897317992,2.8710763687952623,1.088492022219254,0.49485741116278015,4.500433101425508
2.1,7.128066439808192,9.000180914417212,4.701728798634303,6.394047018867632,5.248247169660499,6.34743295140681,4.098267208063457,11.850232904593376,3.6440621848406725,4.346362841631571,2.3569882812394014,10.845954197701278,3.6157945902465034,6.496575613134075,8.99555279847186,1.5465116199727138,6.99081956102921,8.3180022039686,3.028538738876536,3.2698182512719103,0.1514684772041227,14.252533178569616,14.870235663352116,3.3027594502829283,13.430935075977017,4.557002134280689,2.5376688549691693,5.804026236386039,2.7818837906577047,0.9040698786546614,0.44540725952063376,4.583035683015312
2.15,7.010380234523187,8.072751225089222,5.009154209151885,6.030953362797925,5.326128816833319,6.3616153334065455,4.167348817589762,11.585953776389422,3.7142342278757337,4.506551470649892,2.1394620391114785,10.717492409568154,3.6143550502398276,6.736087561074554,8.989289536331704,1.4164991187384661,6.8801059362844885,8.116511638150135,3.0784438799431797,3.1878480022940505,0.3685994697460077,14.495806204882708,14.267958167020536,3.4148099221379904,14.25980244210462,4.553290804907916,2.4768326573086754,5.616142904666678,2.7303460882002715,0.7408197274774082,0.35338534547888273,4.634970892275237
2.2,6.958574146269566,7.256576131576393,5.248980715912205,5.819995410985101,5.411531540575623,6.263917878467001,4.170173685093135,11.349489142889116,3.800167254956654,4.544421381158851,1.8458923887717482,10.522118625873027,3.6098619218249,6.9600277046517505,9.250732371546114,1.428619117450828,6.731617284345315,7.969129621345094,3.2201684667564403,3.1472955690088344,0.6732316624622846,14.52538738429102,14.015199047437555,3.478866276300658,15.044186904492575,4.544173602821354,2.427105789420685,5.36323123351954,2.6682074535054947,0.5823281268038132,0.20446407614514217,4.627347790499969
2.25,6.786490685470538,6.564130163077227,5.395199812251058,5.733431165072374,5.456099944163714,6.079226036075478,4.105574135558812,11.09002988860885,3.9033048972838276,4.491498059012287,1.5599066019299883,10.393200172095725,3.546086612428287,7.0965857161175405,9.496433261325397,1.5611679147411186,6.559658302366263,7.864447852337328,3.4202657798073615,3.1679331699631876,1.0452618616030196,14.333833636820021,14.277214491708962,3.539700873097829,15.75483459896607,4.554686975907824,2.378246370700179,5.1111910347345475,2.584213194587697,0.45168270564616597,0.05184463098484371,4.542939502374467
2.3,6.548888167575573,6.057366742919677,5.497764766621277,5.6807067600333525,5.494601728585348,5.881534177414992,4.005481358986187,10.868671570136428,4.000322008234435,4.305418671884565,1.277414320869563,10.317545555251595,3.4816718248496787,7.041547603614498,9.947275648889562,1.8517401232821387,6.443862202361788,7.768123495690368,3.713188734102017,3.2658338500108552,1.5173336002292177,13.832557113210271,14.115985317627123,3.4779596944104956,16.41697538734459,4.670362177448454,2.362865143974423,4.869996838458745,2.4626011319430425,0.34826816443774344,-0.07959482769295123,4.40624536956536
2.35,6.246351693109352,5.615753582144352,5.576472863533092,5.678597385101903,5.4463391975747335,5.630081512962667,3.8274792453559656,10.671655087320776,4.1586891261857035,4.127025951045749,1.0069126796117298,10.35503715558362,3.4122517489056423,6.873114722774932,10.321140502250465,2.238849796768594,6.329908913734882,7.7011155810721625,4.1213974995730425,3.3925975180212884,2.053312697241766,13.089857872814587,14.381338532374517,3.371582144417981,17.067066626255873,4.885885607521884,2.333686995294658,4.625288827048789,2.2942083862002947,0.2299487013496252,-0.2299800996970377,4.262596652137773
2.4,5.8196467490310155,5.303189189269972,5.644564541848673,5.584710409838954,5.256330494632211,5.304988792741985,3.600037030870711,10.503926774860137,4.418513851075377,3.901888638496257,0.8209713484593539,10.325572317754872,3.3328558429554223,6.717113096133427,10.707649221431804,2.5675920965322527,6.27066028678016,7.598982404857235,4.575285190377586,3.498589054984891,2.589768441812638,12.259239509545537,13.839140268432464,3.2344817271468815,17.57152446667849,5.194460974719098,2.293004731357132,4.437767206660185,2.103871354994313,0.10895094076806233,-0.34780267367418183,4.13865563456145
2.45,5.405710332798771,5.039163188797506,5.649204152481558,5.408592098399327,4.969309620115127,4.97544207798782,3.3397569537600726,10.239189247564928,4.569532566849052,3.7259731090333035,0.8220718913082139,10.443022149468709,3.2481166492806643,6.761450731348558,10.94089670263234,2.768721680278605,6.233240773669742,7.399747607251595,5.0512670273788345,3.541353064821424,3.1161932621834825,11.497123316663984,14.34870769164256,3.0559260318137644,17.87838419930741,5.582806590175235,2.2302318742710985,4.35749589167724,1.94335317712014,0.04320947143839704,-0.4546160376219367,3.997332652176003
2.5,5.0095104615435915,4.928069618037815,5.642358350433936,5.230950726154304,4.58265337093637,4.627306767888424,3.0638345842128922,10.014841188100853,4.769392026214233,3.496819652469924,0.87676853325405,10.517066909153916,3.1843240940016497,6.996633439483887,11.051558929251033,2.8634113116176447,6.1904235819251,7.094829284040169,5.508801905232559,3.5502795541549053,3.679678938741261,10.9110316862207,14.3872182786799,2.918518732588007,18.124326657760186,6.05418459294986,2.1590722468066708,4.351860556156642,1.8094136763718474,0.0379884728773604,-0.4659798514707191,3.7751111471311383
2.55,4.770520940220461,4.929341727523859,5.545344685835201,5.085556503563862,4.163732172551912,4.291481418109843,2.845353374723074,9.699467140056733,4.99500615433689,3.337729635235376,0.9229177382307006,10.522546021009182,3.111915980471563,7.457010998071954,11.197495898451413,2.7710155114141974,6.254001635370988,6.616837024408044,5.850830803672418,3.4983870160420336,4.188947048757713,10.472366373834854,14.796978697541926,2.8474178005087944,18.301362132477685,6.486300712859953,2.0884567894320885,4.380249138759474,1.7171624704051953,0.1226423643209168,-0.44478125341637287,3.4465196238543125
2.6,4.679502358391216,5.000694540425396,5.439846936979368,4.88661736723346,3.732824829809875,4.083547520944241,2.6898214175580546,9.393007430133878,5.197193558591025,3.203796573499318,0.9592734798126652,10.294812385747528,3.048411190687389,8.01103919371726,11.3625286244769,2.5756000004900086,6.32013704005748,5.983521221143877,6.078302934257388,3.396728557625889,4.626942812547809,10.14878575644491,15.74609139323261,2.7802026143768463,18.3166377379526,6.789658199428532,2.0238276948244174,4.44148332413888,1.6653261164894553,0.26027495197301886,-0.36889100781858697,3.1215256932221633
2.65,4.618905591256119,5.147570550883094,5.355000001356418,4.747611722529573,3.2650085855467825,3.9731667859254074,2.6236243036384583,9.109962532390675,5.364674323945845,3.1649712691394027,0.9765228391754405,9.919025014579582,3.011630322419789,8.493655267983264,11.527352494563806,2.2640388585725253,6.436998317499992,5.2456434191817305,6.206367647051511,3.221072403376242,4.934961151161931,9.867054633579158,16.05874125313009,2.709272583528798,18.314427704966487,6.95531811855018,1.929791224744048,4.5754556579021814,1.6268422721303355,0.42222743604013047,-0.26559295645659486,2.7629512550220303
2.7,4.658718280701764,5.297177067623416,5.265203773713667,4.726845559793232,2.887785387820198,3.9434239591885065,2.627759311991259,8.892970009606252,5.411634362673533,3.1354610559696074,0.972847509950033,9.557036868603,3.0182454371321223,8.784215665836358,11.597041906013738,1.9697705211447292,6.582798926488778,4.62024051570879,6.3548696631430825,3.0682684832811806,5.112460871907329,9.686799307935441,16.35041214179928,2.7109745142719537,18.227000709101812,6.963126578906364,1.8632392015872417,4.6981218682906025,1.6592379752941477,0.6124440513457581,-0.1774076417387509,2.4762208332334223
2.75,4.741247352718021,5.339731216859721,5.087482278144446,4.806110881938392,2.522518581696391,4.0053948042060386,2.668320015283939,8.696639302701932,5.37325120727751,3.116988476780995,0.9203618812367411,9.167176280848281,3.054289858297321,8.878545158129777,11.716608530844889,1.7162087576466611,6.66908210630714,4.072039826935419,6.392695648338566,2.881403896445537,5.207992449068525,9.487869176477226,16.378547714736204,2.70981577269947,18.055133654031028,6.784459240365559,1.769174327315453,4.805853198839622,1.6997889861314999,0.7613907672817399,-0.137735016080881,2.1916234249835607
2.8000000000000003,4.872700729655952,5.371128863448535,4.888134515777136,5.144425530373403,2.23014800504506,4.139908721724421,2.760635699826026,8.521776408352345,5.2495047402205985,3.064437441340936,0.8421554635960078,8.760881220715,3.135075181274553,8.85162193011769,11.796896432064216,1.5797326960059934,6.742090776413945,3.770674122266535,6.403777804532429,2.807518275730473,5.190672342883503,9.152241604427918,16.28868434840265,2.727731740623031,17.88593686819455,6.506360521512419,1.7516141802794056,4.890040191571147,1.7733298302267575,0.8876573394734645,-0.1696192139907864,2.0065306410112087
2.85,4.9034201475875,5.230357920453739,4.625615688172437,5.57908720106891,1.9893600177390818,4.346321263629642,2.967047340409607,8.357239653369444,5.053145866404548,2.9618570532386874,0.7696670800435039,8.270502299950232,3.2726970041894248,8.7388300700614,11.70610129528391,1.5649055263551355,6.848021248659662,3.79628715261644,6.338850989258088,2.7645962502154466,5.0823169695513295,8.836230871185597,15.793429405332695,2.7960193227194186,17.606277903205257,6.106866507454781,1.7966547897300367,4.9559693975672205,1.839759524026066,0.9543049466451543,-0.22214372984273179,1.8377168317219224
2.9,4.818039774556521,4.992108419847725,4.221816086313083,5.968984570195491,1.8551269394737768,4.553989113016701,3.2546513464230076,8.201836393541367,4.707666032353175,2.8441864277794906,0.7083925068644794,7.733654253766055,3.403529886623385,8.47402848115908,11.542784500961897,1.618750073654739,6.909608579325872,3.7908171297698976,6.267183857603766,2.812794857452676,5.018558238777294,8.602356581707305,15.349722335412281,2.873089040815864,17.22887981557778,5.653528870759561,1.869252641319772,5.013897142887259,1.907148721549746,0.9772922930133827,-0.2856206053562169,1.6830243401367153
2.95,4.7087447784604315,4.728104972711513,3.7475543790018033,6.20713323060701,1.772748965856644,4.835630171266208,3.558173526997451,8.105070659087207,4.394700562701578,2.726699916878877,0.7028486972633246,7.376656589085618,3.541713975547865,8.266323744742737,11.28359391317042,1.6613621246596788,7.004892686383753,3.915579708498604,6.19129244902651,2.8993451515561013,4.983063744564894,8.305760034456355,15.067248556497628,2.967370620009216,16.852431985730195,5.22623258758441,1.9105483296777104,5.06767869982167,1.9730635009234692,0.9756764709758736,-0.3217865587490265,1.6377180466989898
3.0,4.538071317442228,4.425993664241615,3.2677268628364313,6.282412855188935,1.6684044019022872,5.227054233180004,3.7917409582795445,8.120130404753018,4.102583085003214,2.6268031674716914,0.7790641355693382,7.124699761419018,3.6761714461010486,8.05187898019727,10.92519369946657,1.8024243369697481,7.163422684500186,4.2961949175532395,6.073873101830326,3.0638245043068553,4.941550078220776,7.948011831063755,14.533045786947614,3.0912034039265066,16.477077885125574,4.851568342411416,1.9676529207045426,5.093350160989495,2.040266707135417,0.9669311834071127,-0.3090508185712306,1.576421156364748
